{
    "lb": { "kg": 0.453592 },
    "kg": { "lb": 2.20462 },
    "g": { "kg": 0.001 },
    "kg": { "g": 1000 }
}
